name,email,phone,amount
John Doe,john.doe@example.com,555-1234,150.75
Jane Smith,jane.smith@example.com,555-5678,275.50
Bob Johnson,bob.johnson@example.com,555-9012,89.25
Alice Brown,alice.brown@example.com,555-3456,320.00
Charlie Wilson,charlie.wilson@example.com,555-7890,45.80
Diana Davis,diana.davis@example.com,555-2468,180.30
Eve Miller,eve.miller@example.com,555-1357,95.60
Frank Garcia,frank.garcia@example.com,555-8024,210.45
Grace Lee,grace.lee@example.com,555-9753,165.90
Henry Taylor,henry.taylor@example.com,555-6420,75.25
